{
  "benchmark": "claqua",
  "score_key": "avg_scq",
  "threshold_method": "best_f1",
  "threshold_used": 37.558534467033596,
  "per_turn": false,
  "mock_ranked_list": false,
  "metrics": {
    "accuracy": 0.4746376811594203,
    "precision": 0.47115203307833975,
    "recall": 0.4746376811594203,
    "f1": 0.4720557486004788,
    "auc_roc": 0.48730468750000006,
    "false_positive_rates": {
      "clear": 0.6119791666666666,
      "ambiguous": 0.45045045045045046
    },
    "per_class": {
      "precision": [
        0.5093945720250522,
        0.4269340974212034
      ],
      "recall": [
        0.5495495495495496,
        0.3880208333333333
      ],
      "f1": [
        0.5287107258938245,
        0.40654843110504774
      ],
      "support": [
        444,
        384
      ]
    },
    "confusion_matrix": [
      [
        244,
        200
      ],
      [
        235,
        149
      ]
    ]
  },
  "per_measure_sweep": {
    "avg_ictf": {
      "f1_weighted": 0.5764771460423634,
      "f1_macro": 0.5724358974358974,
      "accuracy": 0.5797101449275363,
      "threshold": 12.083260331547438,
      "direction": "lo"
    },
    "avg_idf": {
      "f1_weighted": 0.5618669545856847,
      "f1_macro": 0.5581937421570033,
      "accuracy": 0.5640096618357487,
      "threshold": 5.082573924278637,
      "direction": "lo"
    },
    "avg_scq": {
      "f1_weighted": 0.4720557486004788,
      "f1_macro": 0.4676295784994361,
      "accuracy": 0.4746376811594203,
      "threshold": 37.558534467033596,
      "direction": "lo"
    },
    "avg_var": {
      "f1_weighted": 0.522391166073962,
      "f1_macro": 0.5153072472802743,
      "accuracy": 0.535024154589372,
      "threshold": 0.09279826969746754,
      "direction": "hi"
    },
    "max_idf": {
      "f1_weighted": 0.5899092509819857,
      "f1_macro": 0.5889018691588785,
      "accuracy": 0.5893719806763285,
      "threshold": 7.514072292720223,
      "direction": "lo"
    },
    "max_scq": {
      "f1_weighted": 0.5210048660282306,
      "f1_macro": 0.5191110057800423,
      "accuracy": 0.5205314009661836,
      "threshold": 43.310488844948296,
      "direction": "lo"
    },
    "query_entropy": {
      "f1_weighted": 0.4910628019323671,
      "f1_macro": 0.49687499999999996,
      "accuracy": 0.5096618357487923,
      "threshold": 2.812766967953982,
      "direction": "lo"
    },
    "query_length": {
      "f1_weighted": 0.3716989166078269,
      "f1_macro": 0.3883466952415078,
      "accuracy": 0.4746376811594203,
      "threshold": 3.035175879396985,
      "direction": "lo"
    },
    "query_scope": {
      "f1_weighted": 0.44809661495140685,
      "f1_macro": 0.4370609120439151,
      "accuracy": 0.4782608695652174,
      "threshold": 2.5287743292808442,
      "direction": "lo"
    },
    "scs": {
      "f1_weighted": 0.4649970471987173,
      "f1_macro": 0.45648258798579433,
      "accuracy": 0.48188405797101447,
      "threshold": 7.580463866644946,
      "direction": "lo"
    },
    "scs_content": {
      "f1_weighted": 0.5629727726266948,
      "f1_macro": 0.5552266855319722,
      "accuracy": 0.5809178743961353,
      "threshold": 10.433411778964606,
      "direction": "lo"
    },
    "sum_scq": {
      "f1_weighted": 0.47106154909121434,
      "f1_macro": 0.475012828301297,
      "accuracy": 0.4806763285024155,
      "threshold": 110.8224543782409,
      "direction": "lo"
    }
  },
  "collection_stats": {
    "N": 21290,
    "vocab_size": 86744,
    "total_tokens": 4269342
  },
  "train_label_dist": {
    "0": 28747,
    "1": 12173
  },
  "test_label_dist": {
    "0": 444,
    "1": 384
  }
}