{
  "benchmark": "claqua",
  "score_key": "smv",
  "threshold_method": "best_f1",
  "threshold_used": 0.0,
  "per_turn": true,
  "mock_ranked_list": false,
  "metrics": {
    "accuracy": 0.7681159420289855,
    "precision": 0.5900021003990757,
    "recall": 0.7681159420289855,
    "f1": 0.6673794250415775,
    "auc_roc": 0.5,
    "false_positive_rates": {
      "clear": 1.0,
      "ambiguous": 0.0
    },
    "per_class": {
      "precision": [
        0.7681159420289855,
        0.0
      ],
      "recall": [
        1.0,
        0.0
      ],
      "f1": [
        0.8688524590163934,
        0.0
      ],
      "support": [
        1272,
        384
      ]
    },
    "confusion_matrix": [
      [
        1272,
        0
      ],
      [
        384,
        0
      ]
    ]
  },
  "per_measure_sweep": {
    "avg_ictf": {
      "f1_weighted": 0.7278464012453583,
      "f1_macro": 0.6292946605779156,
      "accuracy": 0.7204106280193237,
      "threshold": 12.083260331547438,
      "direction": "lo"
    },
    "avg_idf": {
      "f1_weighted": 0.7598794163566851,
      "f1_macro": 0.663273626452226,
      "accuracy": 0.7596618357487923,
      "threshold": 5.082573924278637,
      "direction": "lo"
    },
    "avg_scq": {
      "f1_weighted": 0.6327519327761205,
      "f1_macro": 0.5223091187615899,
      "accuracy": 0.6111111111111112,
      "threshold": 37.558534467033596,
      "direction": "lo"
    },
    "avg_var": {
      "f1_weighted": 0.7448064113978908,
      "f1_macro": 0.6267113843944006,
      "accuracy": 0.7566425120772947,
      "threshold": 0.09279826969746754,
      "direction": "hi"
    },
    "clarity": {
      "f1_weighted": 0.7107918696759149,
      "f1_macro": 0.6713043177800088,
      "accuracy": 0.6878019323671497,
      "threshold": 0.023062644913671205,
      "direction": "lo"
    },
    "max_idf": {
      "f1_weighted": 0.7653169616256748,
      "f1_macro": 0.6842336858471332,
      "accuracy": 0.7566425120772947,
      "threshold": 7.514072292720223,
      "direction": "lo"
    },
    "max_scq": {
      "f1_weighted": 0.7395388457140191,
      "f1_macro": 0.644122383252818,
      "accuracy": 0.7330917874396136,
      "threshold": 43.310488844948296,
      "direction": "lo"
    },
    "query_entropy": {
      "f1_weighted": 0.6542367008831231,
      "f1_macro": 0.5904475353199454,
      "accuracy": 0.625,
      "threshold": 2.812766967953982,
      "direction": "lo"
    },
    "query_length": {
      "f1_weighted": 0.6476514309584603,
      "f1_macro": 0.6062094025473402,
      "accuracy": 0.6213768115942029,
      "threshold": 3.035175879396985,
      "direction": "lo"
    },
    "query_scope": {
      "f1_weighted": 0.6654719256733911,
      "f1_macro": 0.5177447467278691,
      "accuracy": 0.6751207729468599,
      "threshold": 2.5287743292808442,
      "direction": "lo"
    },
    "scs": {
      "f1_weighted": 0.6817588431625891,
      "f1_macro": 0.547560001681308,
      "accuracy": 0.6859903381642513,
      "threshold": 7.580463866644946,
      "direction": "lo"
    },
    "scs_content": {
      "f1_weighted": 0.6806158554487262,
      "f1_macro": 0.562646238833614,
      "accuracy": 0.6733091787439613,
      "threshold": 10.433411778964606,
      "direction": "lo"
    },
    "sum_scq": {
      "f1_weighted": 0.7306008656275321,
      "f1_macro": 0.6519299092026543,
      "accuracy": 0.7137681159420289,
      "threshold": 110.8224543782409,
      "direction": "lo"
    }
  },
  "collection_stats": {
    "N": 21290,
    "vocab_size": 86744,
    "total_tokens": 4269342
  },
  "train_label_dist": {
    "0": 28747,
    "1": 12173
  },
  "test_label_dist": {
    "0": 1272,
    "1": 384
  }
}