{
  "benchmark": "simmic",
  "score_key": "avg_idf",
  "threshold_method": "best_f1",
  "threshold_used": 0.023755245004687862,
  "per_turn": true,
  "mock_ranked_list": false,
  "metrics": {
    "accuracy": 0.6486576621644156,
    "precision": 0.9250725570089704,
    "recall": 0.6486576621644156,
    "f1": 0.75343478241827,
    "auc_roc": 0.5227694449277884,
    "false_positive_rates": {
      "clear": 0.58,
      "ambiguous": 0.3413955107012354
    },
    "per_class": {
      "precision": [
        0.9631043256997456,
        0.05079825834542816
      ],
      "recall": [
        0.6586044892987646,
        0.42
      ],
      "f1": [
        0.7822672315800351,
        0.09063444108761329
      ],
      "support": [
        5747,
        250
      ]
    },
    "confusion_matrix": [
      [
        3785,
        1962
      ],
      [
        145,
        105
      ]
    ]
  },
  "per_measure_sweep": {
    "avg_ictf": {
      "f1_weighted": 0.773670631456757,
      "f1_macro": 0.4467526083410295,
      "accuracy": 0.6766716691679173,
      "threshold": 0.05986255624524624,
      "direction": "lo"
    },
    "avg_idf": {
      "f1_weighted": 0.75343478241827,
      "f1_macro": 0.4364508363338242,
      "accuracy": 0.6486576621644156,
      "threshold": 0.023755245004687862,
      "direction": "lo"
    },
    "avg_scq": {
      "f1_weighted": 0.760137749772824,
      "f1_macro": 0.44023350191740424,
      "accuracy": 0.6578289144572286,
      "threshold": 0.1819179286432656,
      "direction": "lo"
    },
    "avg_var": {
      "f1_weighted": 0.7631589240589327,
      "f1_macro": 0.44190910412729695,
      "accuracy": 0.6619976654994164,
      "threshold": 0.016351826672678135,
      "direction": "lo"
    },
    "clarity": {
      "f1_weighted": 0.9379124450962993,
      "f1_macro": 0.48935626702997276,
      "accuracy": 0.9583124895781224,
      "threshold": 0.0,
      "direction": "lo"
    },
    "max_idf": {
      "f1_weighted": 0.7654394967886556,
      "f1_macro": 0.4434746182880835,
      "accuracy": 0.665165916291479,
      "threshold": 0.03244058042149947,
      "direction": "lo"
    },
    "max_scq": {
      "f1_weighted": 0.773670631456757,
      "f1_macro": 0.4467526083410295,
      "accuracy": 0.6766716691679173,
      "threshold": 0.20248589601269662,
      "direction": "lo"
    },
    "query_entropy": {
      "f1_weighted": 0.8616385765718035,
      "f1_macro": 0.48434212301052065,
      "accuracy": 0.8129064532266133,
      "threshold": 2.967909537794046,
      "direction": "lo"
    },
    "query_length": {
      "f1_weighted": 0.8194215756802063,
      "f1_macro": 0.4796558659028651,
      "accuracy": 0.7437051859262965,
      "threshold": 3.0552763819095476,
      "direction": "lo"
    },
    "query_scope": {
      "f1_weighted": 0.7720095501849716,
      "f1_macro": 0.44641520108919525,
      "accuracy": 0.6743371685842922,
      "threshold": 4.08863031028972,
      "direction": "hi"
    },
    "scs": {
      "f1_weighted": 0.9197226283803707,
      "f1_macro": 0.48783654681257604,
      "accuracy": 0.9212939803234951,
      "threshold": 18.742386129572704,
      "direction": "hi"
    },
    "scs_content": {
      "f1_weighted": 0.7734345348145761,
      "f1_macro": 0.446589022005026,
      "accuracy": 0.6763381690845423,
      "threshold": 0.05986255624524624,
      "direction": "lo"
    },
    "sum_scq": {
      "f1_weighted": 0.7592745563373708,
      "f1_macro": 0.44041470994436016,
      "accuracy": 0.656661664165416,
      "threshold": 0.8908852261213867,
      "direction": "lo"
    }
  },
  "collection_stats": {
    "N": 10357,
    "vocab_size": 135,
    "total_tokens": 3003323
  },
  "train_label_dist": {
    "0": 33888,
    "1": 4239
  },
  "test_label_dist": {
    "0": 5747,
    "1": 250
  }
}